experience,test_score(out of 10),interview_score(out of 10),Salary
0,8,9,52350.07278020378
0,8,6,45734.352256186314
5,6,7,58312.954876273645
2,10,10,63872.634643377
7,9,6,67270.7423580786
3,7,10,61148.47161572052
10,8,7,76069.14119359534
11,7,8,79241.63027656477
